"sequence","protocol_repeat","stage","n","kappa","requested_variant","launch_position","protocol_seed","raw_row_index","started_at","process_wall_ms","status","failure"
"0","0","warmup","2000","100","V4","0","42","0","2026-08-14T18:28:02.2273698-04:00","1363.642","ok",""
"1","0","warmup","2000","100","V6c","1","42","1","2026-08-14T18:28:03.7616913-04:00","1314.126","ok",""
"2","0","warmup","2000","100","V6e","2","42","2","2026-08-14T18:28:05.1132820-04:00","1476.017","ok",""
"3","0","warmup","2000","100","V5c","3","42","3","2026-08-14T18:28:06.6448674-04:00","1316.556","ok",""
"4","0","warmup","2000","10000","V4","0","42","4","2026-08-14T18:28:08.0152020-04:00","1293.952","ok",""
"5","0","warmup","2000","10000","V6c","1","42","5","2026-08-14T18:28:09.3737327-04:00","1543.625","ok",""
"6","0","warmup","2000","10000","V6e","2","42","6","2026-08-14T18:28:10.9487261-04:00","1508.152","ok",""
"7","0","warmup","2000","10000","V5c","3","42","7","2026-08-14T18:28:12.5017336-04:00","1494.069","ok",""
"8","0","warmup","2000","1000000","V4","0","42","8","2026-08-14T18:28:14.0424015-04:00","1558.156","ok",""
"9","0","warmup","2000","1000000","V6c","1","42","9","2026-08-14T18:28:15.6478173-04:00","1484.945","ok",""
"10","0","warmup","2000","1000000","V6e","2","42","10","2026-08-14T18:28:17.1722966-04:00","1546.935","ok",""
"11","0","warmup","2000","1000000","V5c","3","42","11","2026-08-14T18:28:18.7743626-04:00","1536.31","ok",""
"12","0","warmup","4096","100","V4","0","42","12","2026-08-14T18:28:20.3570183-04:00","5848.775","ok",""
"13","0","warmup","4096","100","V6c","1","42","13","2026-08-14T18:28:26.2646432-04:00","6091.102","ok",""
"14","0","warmup","4096","100","V6e","2","42","14","2026-08-14T18:28:32.4031700-04:00","6298.357","ok",""
"15","0","warmup","4096","100","V5c","3","42","15","2026-08-14T18:28:38.7587697-04:00","6245.06","ok",""
"16","0","warmup","4096","10000","V4","0","42","16","2026-08-14T18:28:45.0630291-04:00","5916.938","ok",""
"17","0","warmup","4096","10000","V6c","1","42","17","2026-08-14T18:28:51.0586315-04:00","5988.114","ok",""
"18","0","warmup","4096","10000","V6e","2","42","18","2026-08-14T18:28:57.1024925-04:00","6481.398","ok",""
"19","0","warmup","4096","10000","V5c","3","42","19","2026-08-14T18:29:03.6423224-04:00","6196.008","ok",""
"20","0","warmup","4096","1000000","V4","0","42","20","2026-08-14T18:29:09.8845549-04:00","5870.495","ok",""
"21","0","warmup","4096","1000000","V6c","1","42","21","2026-08-14T18:29:15.8304469-04:00","5874.931","ok",""
"22","0","warmup","4096","1000000","V6e","2","42","22","2026-08-14T18:29:21.7699748-04:00","6151.551","ok",""
"23","0","warmup","4096","1000000","V5c","3","42","23","2026-08-14T18:29:27.9805898-04:00","6297.624","ok",""
"24","0","warmup","6000","100","V4","0","42","24","2026-08-14T18:29:34.3349789-04:00","9150.156","ok",""
"25","0","warmup","6000","100","V6c","1","42","25","2026-08-14T18:29:43.5317120-04:00","13605.936","ok",""
"26","0","warmup","6000","100","V6e","2","42","26","2026-08-14T18:29:57.2440629-04:00","11093.06","ok",""
"27","0","warmup","6000","100","V5c","3","42","27","2026-08-14T18:30:08.3896876-04:00","10023.839","ok",""
"28","0","warmup","6000","10000","V4","0","42","28","2026-08-14T18:30:18.4760100-04:00","9729.661","ok",""
"29","0","warmup","6000","10000","V6c","1","42","29","2026-08-14T18:30:28.2562510-04:00","10568.695","ok",""
"30","0","warmup","6000","10000","V6e","2","42","30","2026-08-14T18:30:38.9079407-04:00","14275.442","ok",""
"31","0","warmup","6000","10000","V5c","3","42","31","2026-08-14T18:30:53.2854798-04:00","12351.64","ok",""
"32","0","warmup","6000","1000000","V4","0","42","32","2026-08-14T18:31:05.7038635-04:00","11604.992","ok",""
"33","0","warmup","6000","1000000","V6c","1","42","33","2026-08-14T18:31:17.3848198-04:00","14516.866","ok",""
"34","0","warmup","6000","1000000","V6e","2","42","34","2026-08-14T18:31:31.9802005-04:00","13135.422","ok",""
"35","0","warmup","6000","1000000","V5c","3","42","35","2026-08-14T18:31:45.2203372-04:00","14303.051","ok",""
"36","0","warmup","8000","100","V4","0","42","36","2026-08-14T18:31:59.5981157-04:00","25841.469","ok",""
"37","0","warmup","8000","100","V6c","1","42","37","2026-08-14T18:32:25.6194565-04:00","27301.401","ok",""
"38","0","warmup","8000","100","V6e","2","42","38","2026-08-14T18:32:53.0145788-04:00","24222.248","ok",""
"39","0","warmup","8000","100","V5c","3","42","39","2026-08-14T18:33:17.2868819-04:00","19669.885","ok",""
"40","0","warmup","8000","10000","V4","0","42","40","2026-08-14T18:33:37.0392207-04:00","19987.742","ok",""
"41","0","warmup","8000","10000","V6c","1","42","41","2026-08-14T18:33:57.1232364-04:00","24052.195","ok",""
"42","0","warmup","8000","10000","V6e","2","42","42","2026-08-14T18:34:21.2485800-04:00","21738.351","ok",""
"43","0","warmup","8000","10000","V5c","3","42","43","2026-08-14T18:34:43.0818053-04:00","20577.836","ok",""
"44","0","warmup","8000","1000000","V4","0","42","44","2026-08-14T18:35:03.7333412-04:00","20198.203","ok",""
"45","0","warmup","8000","1000000","V6c","1","42","45","2026-08-14T18:35:24.0784314-04:00","23630.974","ok",""
"46","0","warmup","8000","1000000","V6e","2","42","46","2026-08-14T18:35:47.7738680-04:00","28503.744","ok",""
"47","0","warmup","8000","1000000","V5c","3","42","47","2026-08-14T18:36:16.3521226-04:00","20235.022","ok",""
"48","1","record","2000","100","V6c","0","1000045","48","2026-08-14T18:36:36.6488877-04:00","1892.054","ok",""
"49","1","record","2000","100","V6e","1","1000045","49","2026-08-14T18:36:38.6005588-04:00","1693.47","ok",""
"50","1","record","2000","100","V5c","2","1000045","50","2026-08-14T18:36:40.3718240-04:00","1696.847","ok",""
"51","1","record","2000","100","V4","3","1000045","51","2026-08-14T18:36:42.1365670-04:00","1924.455","ok",""
"52","1","record","2000","10000","V6c","0","1000045","52","2026-08-14T18:36:44.1322649-04:00","1936.264","ok",""
"53","1","record","2000","10000","V6e","1","1000045","53","2026-08-14T18:36:46.1508261-04:00","1968.704","ok",""
"54","1","record","2000","10000","V5c","2","1000045","54","2026-08-14T18:36:48.2045491-04:00","2214.411","ok",""
"55","1","record","2000","10000","V4","3","1000045","55","2026-08-14T18:36:50.4939792-04:00","1837.367","ok",""
"56","1","record","2000","1000000","V6c","0","1000045","56","2026-08-14T18:36:52.4023290-04:00","2184.357","ok",""
"57","1","record","2000","1000000","V6e","1","1000045","57","2026-08-14T18:36:54.6532484-04:00","1920.991","ok",""
"58","1","record","2000","1000000","V5c","2","1000045","58","2026-08-14T18:36:56.6407762-04:00","3809.064","ok",""
"59","1","record","2000","1000000","V4","3","1000045","59","2026-08-14T18:37:00.5384393-04:00","2303.328","ok",""
"60","1","record","4096","100","V6c","0","1000045","60","2026-08-14T18:37:02.9190471-04:00","7044.525","ok",""
"61","1","record","4096","100","V6e","1","1000045","61","2026-08-14T18:37:10.1255244-04:00","6908.488","ok",""
"62","1","record","4096","100","V5c","2","1000045","62","2026-08-14T18:37:17.1031364-04:00","7234.557","ok",""
"63","1","record","4096","100","V4","3","1000045","63","2026-08-14T18:37:24.4173268-04:00","6477.451","ok",""
"64","1","record","4096","10000","V6c","0","1000045","64","2026-08-14T18:37:30.9738103-04:00","6701.674","ok",""
"65","1","record","4096","10000","V6e","1","1000045","65","2026-08-14T18:37:37.9480390-04:00","10225.108","ok",""
"66","1","record","4096","10000","V5c","2","1000045","66","2026-08-14T18:37:48.4842966-04:00","10332.948","ok",""
"67","1","record","4096","10000","V4","3","1000045","67","2026-08-14T18:37:58.9390771-04:00","8140.304","ok",""
"68","1","record","4096","1000000","V6c","0","1000045","68","2026-08-14T18:38:07.1447959-04:00","6067.574","ok",""
"69","1","record","4096","1000000","V6e","1","1000045","69","2026-08-14T18:38:13.2857669-04:00","6246.332","ok",""
"70","1","record","4096","1000000","V5c","2","1000045","70","2026-08-14T18:38:19.6110797-04:00","6293.375","ok",""
"71","1","record","4096","1000000","V4","3","1000045","71","2026-08-14T18:38:25.9746166-04:00","6210.664","ok",""
"72","1","record","6000","100","V6c","0","1000045","72","2026-08-14T18:38:32.2547547-04:00","10371.524","ok",""
"73","1","record","6000","100","V6e","1","1000045","73","2026-08-14T18:38:42.7087415-04:00","9598.562","ok",""
"74","1","record","6000","100","V5c","2","1000045","74","2026-08-14T18:38:52.3622076-04:00","10749.411","ok",""
"75","1","record","6000","100","V4","3","1000045","75","2026-08-14T18:39:03.1983446-04:00","9592.924","ok",""
"76","1","record","6000","10000","V6c","0","1000045","76","2026-08-14T18:39:12.8633330-04:00","9554.828","ok",""
"77","1","record","6000","10000","V6e","1","1000045","77","2026-08-14T18:39:22.5096179-04:00","9847.099","ok",""
"78","1","record","6000","10000","V5c","2","1000045","78","2026-08-14T18:39:32.4242821-04:00","10583.071","ok",""
"79","1","record","6000","10000","V4","3","1000045","79","2026-08-14T18:39:43.1015234-04:00","13624.577","ok",""
"80","1","record","6000","1000000","V6c","0","1000045","80","2026-08-14T18:39:56.8170167-04:00","11937.651","ok",""
"81","1","record","6000","1000000","V6e","1","1000045","81","2026-08-14T18:40:08.8324318-04:00","10250.204","ok",""
"82","1","record","6000","1000000","V5c","2","1000045","82","2026-08-14T18:40:19.1478549-04:00","10544.254","ok",""
"83","1","record","6000","1000000","V4","3","1000045","83","2026-08-14T18:40:29.7899375-04:00","10923.244","ok",""
"84","1","record","8000","100","V6c","0","1000045","84","2026-08-14T18:40:40.7838520-04:00","20492.287","ok",""
"85","1","record","8000","100","V6e","1","1000045","85","2026-08-14T18:41:01.3735211-04:00","19026.703","ok",""
"86","1","record","8000","100","V5c","2","1000045","86","2026-08-14T18:41:20.4927493-04:00","19912.872","ok",""
"87","1","record","8000","100","V4","3","1000045","87","2026-08-14T18:41:40.4776916-04:00","18952.608","ok",""
"88","1","record","8000","10000","V6c","0","1000045","88","2026-08-14T18:41:59.5206744-04:00","19009.416","ok",""
"89","1","record","8000","10000","V6e","1","1000045","89","2026-08-14T18:42:18.6044836-04:00","22001.337","ok",""
"90","1","record","8000","10000","V5c","2","1000045","90","2026-08-14T18:42:40.7177379-04:00","27755.53","ok",""
"91","1","record","8000","10000","V4","3","1000045","91","2026-08-14T18:43:08.5656178-04:00","20839.681","ok",""
"92","1","record","8000","1000000","V6c","0","1000045","92","2026-08-14T18:43:29.5510162-04:00","22449.508","ok",""
"93","1","record","8000","1000000","V6e","1","1000045","93","2026-08-14T18:43:52.0880876-04:00","21591.707","ok",""
"94","1","record","8000","1000000","V5c","2","1000045","94","2026-08-14T18:44:13.7572716-04:00","21363.152","ok",""
"95","1","record","8000","1000000","V4","3","1000045","95","2026-08-14T18:44:35.2071094-04:00","18086.945","ok",""
"96","2","record","2000","100","V6e","0","2000048","96","2026-08-14T18:44:53.3731787-04:00","1655.666","ok",""
"97","2","record","2000","100","V5c","1","2000048","97","2026-08-14T18:44:55.1111036-04:00","1532.425","ok",""
"98","2","record","2000","100","V4","2","2000048","98","2026-08-14T18:44:56.7198248-04:00","1533.23","ok",""
"99","2","record","2000","100","V6c","3","2000048","99","2026-08-14T18:44:58.3301220-04:00","1568.098","ok",""
"100","2","record","2000","10000","V6e","0","2000048","100","2026-08-14T18:44:59.9815478-04:00","1681.566","ok",""
"101","2","record","2000","10000","V5c","1","2000048","101","2026-08-14T18:45:01.7412890-04:00","1607.857","ok",""
"102","2","record","2000","10000","V4","2","2000048","102","2026-08-14T18:45:03.4237229-04:00","1548.668","ok",""
"103","2","record","2000","10000","V6c","3","2000048","103","2026-08-14T18:45:05.0785134-04:00","1638.975","ok",""
"104","2","record","2000","1000000","V6e","0","2000048","104","2026-08-14T18:45:06.7866926-04:00","1543.93","ok",""
"105","2","record","2000","1000000","V5c","1","2000048","105","2026-08-14T18:45:08.4224984-04:00","1660.226","ok",""
"106","2","record","2000","1000000","V4","2","2000048","106","2026-08-14T18:45:10.1573358-04:00","1596.988","ok",""
"107","2","record","2000","1000000","V6c","3","2000048","107","2026-08-14T18:45:11.8420873-04:00","1588.838","ok",""
"108","2","record","4096","100","V6e","0","2000048","108","2026-08-14T18:45:13.5164677-04:00","6196.386","ok",""
"109","2","record","4096","100","V5c","1","2000048","109","2026-08-14T18:45:19.7934642-04:00","6482.665","ok",""
"110","2","record","4096","100","V4","2","2000048","110","2026-08-14T18:45:26.3600052-04:00","5912.944","ok",""
"111","2","record","4096","100","V6c","3","2000048","111","2026-08-14T18:45:32.3438361-04:00","5949.207","ok",""
"112","2","record","4096","10000","V6e","0","2000048","112","2026-08-14T18:45:38.3826003-04:00","6064.947","ok",""
"113","2","record","4096","10000","V5c","1","2000048","113","2026-08-14T18:45:44.5213482-04:00","6262.811","ok",""
"114","2","record","4096","10000","V4","2","2000048","114","2026-08-14T18:45:50.8603522-04:00","5914.189","ok",""
"115","2","record","4096","10000","V6c","3","2000048","115","2026-08-14T18:45:56.8582213-04:00","6280.772","ok",""
"116","2","record","4096","1000000","V6e","0","2000048","116","2026-08-14T18:46:03.2247321-04:00","5958.661","ok",""
"117","2","record","4096","1000000","V5c","1","2000048","117","2026-08-14T18:46:09.2645416-04:00","6416.711","ok",""
"118","2","record","4096","1000000","V4","2","2000048","118","2026-08-14T18:46:15.7759993-04:00","6049.786","ok",""
"119","2","record","4096","1000000","V6c","3","2000048","119","2026-08-14T18:46:21.9071037-04:00","5924.003","ok",""
"120","2","record","6000","100","V6e","0","2000048","120","2026-08-14T18:46:27.9100536-04:00","9961.194","ok",""
"121","2","record","6000","100","V5c","1","2000048","121","2026-08-14T18:46:37.9718257-04:00","9814.464","ok",""
"122","2","record","6000","100","V4","2","2000048","122","2026-08-14T18:46:47.8616025-04:00","10372.756","ok",""
"123","2","record","6000","100","V6c","3","2000048","123","2026-08-14T18:46:58.3209866-04:00","9850.843","ok",""
"124","2","record","6000","10000","V6e","0","2000048","124","2026-08-14T18:47:08.2625955-04:00","9865.716","ok",""
"125","2","record","6000","10000","V5c","1","2000048","125","2026-08-14T18:47:18.2139201-04:00","10083.492","ok",""
"126","2","record","6000","10000","V4","2","2000048","126","2026-08-14T18:47:28.3804724-04:00","10138.352","ok",""
"127","2","record","6000","10000","V6c","3","2000048","127","2026-08-14T18:47:38.6249030-04:00","9581.1","ok",""
"128","2","record","6000","1000000","V6e","0","2000048","128","2026-08-14T18:47:48.2816556-04:00","10317.482","ok",""
"129","2","record","6000","1000000","V5c","1","2000048","129","2026-08-14T18:47:58.6974099-04:00","10414.862","ok",""
"130","2","record","6000","1000000","V4","2","2000048","130","2026-08-14T18:48:09.2299413-04:00","9659.015","ok",""
"131","2","record","6000","1000000","V6c","3","2000048","131","2026-08-14T18:48:18.9761297-04:00","10707.49","ok",""
"132","2","record","8000","100","V6e","0","2000048","132","2026-08-14T18:48:29.7989022-04:00","22592.947","ok",""
"133","2","record","8000","100","V5c","1","2000048","133","2026-08-14T18:48:52.4889163-04:00","23452.13","ok",""
"134","2","record","8000","100","V4","2","2000048","134","2026-08-14T18:49:16.0271204-04:00","17272.197","ok",""
"135","2","record","8000","100","V6c","3","2000048","135","2026-08-14T18:49:33.3941325-04:00","21043.27","ok",""
"136","2","record","8000","10000","V6e","0","2000048","136","2026-08-14T18:49:54.5247035-04:00","19477.934","ok",""
"137","2","record","8000","10000","V5c","1","2000048","137","2026-08-14T18:50:14.0839101-04:00","21308.257","ok",""
"138","2","record","8000","10000","V4","2","2000048","138","2026-08-14T18:50:35.5148511-04:00","18831.603","ok",""
"139","2","record","8000","10000","V6c","3","2000048","139","2026-08-14T18:50:54.4384418-04:00","16911.914","ok",""
"140","2","record","8000","1000000","V6e","0","2000048","140","2026-08-14T18:51:11.4303218-04:00","16516.63","ok",""
"141","2","record","8000","1000000","V5c","1","2000048","141","2026-08-14T18:51:28.0283666-04:00","16904.916","ok",""
"142","2","record","8000","1000000","V4","2","2000048","142","2026-08-14T18:51:45.0381072-04:00","15635.624","ok",""
"143","2","record","8000","1000000","V6c","3","2000048","143","2026-08-14T18:52:00.7584342-04:00","15892.351","ok",""
"144","3","record","2000","100","V5c","0","3000051","144","2026-08-14T18:52:16.7218117-04:00","1556.954","ok",""
"145","3","record","2000","100","V4","1","3000051","145","2026-08-14T18:52:18.3573831-04:00","1558.269","ok",""
"146","3","record","2000","100","V6c","2","3000051","146","2026-08-14T18:52:20.0246241-04:00","1599.615","ok",""
"147","3","record","2000","100","V6e","3","3000051","147","2026-08-14T18:52:21.7093753-04:00","1551.898","ok",""
"148","3","record","2000","10000","V5c","0","3000051","148","2026-08-14T18:52:23.3454042-04:00","1533.137","ok",""
"149","3","record","2000","10000","V4","1","3000051","149","2026-08-14T18:52:24.9502340-04:00","1526.212","ok",""
"150","3","record","2000","10000","V6c","2","3000051","150","2026-08-14T18:52:26.5449250-04:00","1533.74","ok",""
"151","3","record","2000","10000","V6e","3","3000051","151","2026-08-14T18:52:28.1516375-04:00","1497.546","ok",""
"152","3","record","2000","1000000","V5c","0","3000051","152","2026-08-14T18:52:29.7326706-04:00","1446.717","ok",""
"153","3","record","2000","1000000","V4","1","3000051","153","2026-08-14T18:52:31.2522622-04:00","1340.756","ok",""
"154","3","record","2000","1000000","V6c","2","3000051","154","2026-08-14T18:52:32.6852036-04:00","1515.88","ok",""
"155","3","record","2000","1000000","V6e","3","3000051","155","2026-08-14T18:52:34.2713680-04:00","1509.558","ok",""
"156","3","record","4096","100","V5c","0","3000051","156","2026-08-14T18:52:35.8629786-04:00","5782.986","ok",""
"157","3","record","4096","100","V4","1","3000051","157","2026-08-14T18:52:41.7430806-04:00","5422.52","ok",""
"158","3","record","4096","100","V6c","2","3000051","158","2026-08-14T18:52:47.2333999-04:00","5532.389","ok",""
"159","3","record","4096","100","V6e","3","3000051","159","2026-08-14T18:52:52.8679428-04:00","5722.678","ok",""
"160","3","record","4096","10000","V5c","0","3000051","160","2026-08-14T18:52:58.6762089-04:00","5738.167","ok",""
"161","3","record","4096","10000","V4","1","3000051","161","2026-08-14T18:53:04.4968985-04:00","5457.789","ok",""
"162","3","record","4096","10000","V6c","2","3000051","162","2026-08-14T18:53:10.0538876-04:00","5770.081","ok",""
"163","3","record","4096","10000","V6e","3","3000051","163","2026-08-14T18:53:15.9113718-04:00","5903.178","ok",""
"164","3","record","4096","1000000","V5c","0","3000051","164","2026-08-14T18:53:21.9124122-04:00","5819.158","ok",""
"165","3","record","4096","1000000","V4","1","3000051","165","2026-08-14T18:53:27.8196164-04:00","5544.966","ok",""
"166","3","record","4096","1000000","V6c","2","3000051","166","2026-08-14T18:53:33.4548536-04:00","5528.115","ok",""
"167","3","record","4096","1000000","V6e","3","3000051","167","2026-08-14T18:53:39.0943568-04:00","5792.493","ok",""
"168","3","record","6000","100","V5c","0","3000051","168","2026-08-14T18:53:45.0023252-04:00","10175.608","ok",""
"169","3","record","6000","100","V4","1","3000051","169","2026-08-14T18:53:55.3189197-04:00","9216.655","ok",""
"170","3","record","6000","100","V6c","2","3000051","170","2026-08-14T18:54:04.6004259-04:00","9396.007","ok",""
"171","3","record","6000","100","V6e","3","3000051","171","2026-08-14T18:54:14.0827377-04:00","8595.439","ok",""
"172","3","record","6000","10000","V5c","0","3000051","172","2026-08-14T18:54:22.7666132-04:00","8758.233","ok",""
"173","3","record","6000","10000","V4","1","3000051","173","2026-08-14T18:54:31.6079306-04:00","8174.906","ok",""
"174","3","record","6000","10000","V6c","2","3000051","174","2026-08-14T18:54:39.8485820-04:00","8459.302","ok",""
"175","3","record","6000","10000","V6e","3","3000051","175","2026-08-14T18:54:48.3894968-04:00","8949.029","ok",""
"176","3","record","6000","1000000","V5c","0","3000051","176","2026-08-14T18:54:57.4142072-04:00","9161.195","ok",""
"177","3","record","6000","1000000","V4","1","3000051","177","2026-08-14T18:55:06.6704503-04:00","8082.256","ok",""
"178","3","record","6000","1000000","V6c","2","3000051","178","2026-08-14T18:55:14.8297671-04:00","8394.506","ok",""
"179","3","record","6000","1000000","V6e","3","3000051","179","2026-08-14T18:55:23.3039200-04:00","8595.284","ok",""
"180","3","record","8000","100","V5c","0","3000051","180","2026-08-14T18:55:32.0068304-04:00","16304.521","ok",""
"181","3","record","8000","100","V4","1","3000051","181","2026-08-14T18:55:48.3998584-04:00","16579.784","ok",""
"182","3","record","8000","100","V6c","2","3000051","182","2026-08-14T18:56:05.1137339-04:00","16626.372","ok",""
"183","3","record","8000","100","V6e","3","3000051","183","2026-08-14T18:56:21.8431447-04:00","17953.008","ok",""
"184","3","record","8000","10000","V5c","0","3000051","184","2026-08-14T18:56:39.8894535-04:00","17817.365","ok",""
"185","3","record","8000","10000","V4","1","3000051","185","2026-08-14T18:56:57.7882354-04:00","16513.855","ok",""
"186","3","record","8000","10000","V6c","2","3000051","186","2026-08-14T18:57:14.4038734-04:00","16799.546","ok",""
"187","3","record","8000","10000","V6e","3","3000051","187","2026-08-14T18:57:31.3013832-04:00","17246.585","ok",""
"188","3","record","8000","1000000","V5c","0","3000051","188","2026-08-14T18:57:48.6407220-04:00","17744.903","ok",""
"189","3","record","8000","1000000","V4","1","3000051","189","2026-08-14T18:58:06.4660519-04:00","16123.48","ok",""
"190","3","record","8000","1000000","V6c","2","3000051","190","2026-08-14T18:58:22.6924660-04:00","16756.519","ok",""
"191","3","record","8000","1000000","V6e","3","3000051","191","2026-08-14T18:58:39.5288617-04:00","17781.671","ok",""
"192","4","record","2000","100","V4","0","4000054","192","2026-08-14T18:58:57.4131145-04:00","1475.046","ok",""
"193","4","record","2000","100","V6c","1","4000054","193","2026-08-14T18:58:58.9820598-04:00","1523.723","ok",""
"194","4","record","2000","100","V6e","2","4000054","194","2026-08-14T18:59:00.6029154-04:00","1522.469","ok",""
"195","4","record","2000","100","V5c","3","4000054","195","2026-08-14T18:59:02.2300871-04:00","1493.453","ok",""
"196","4","record","2000","10000","V4","0","4000054","196","2026-08-14T18:59:03.8171468-04:00","1346.879","ok",""
"197","4","record","2000","10000","V6c","1","4000054","197","2026-08-14T18:59:05.2679524-04:00","1539.721","ok",""
"198","4","record","2000","10000","V6e","2","4000054","198","2026-08-14T18:59:06.9066358-04:00","1533.654","ok",""
"199","4","record","2000","10000","V5c","3","4000054","199","2026-08-14T18:59:08.5432876-04:00","1610.256","ok",""
"200","4","record","2000","1000000","V4","0","4000054","200","2026-08-14T18:59:10.2396575-04:00","1489.58","ok",""
"201","4","record","2000","1000000","V6c","1","4000054","201","2026-08-14T18:59:11.8410378-04:00","1644.263","ok",""
"202","4","record","2000","1000000","V6e","2","4000054","202","2026-08-14T18:59:13.6123673-04:00","1620.176","ok",""
"203","4","record","2000","1000000","V5c","3","4000054","203","2026-08-14T18:59:15.3525691-04:00","1556.205","ok",""
"204","4","record","4096","100","V4","0","4000054","204","2026-08-14T18:59:17.0124025-04:00","6350.769","ok",""
"205","4","record","4096","100","V6c","1","4000054","205","2026-08-14T18:59:23.4719924-04:00","5752.157","ok",""
"206","4","record","4096","100","V6e","2","4000054","206","2026-08-14T18:59:29.3065986-04:00","5713.727","ok",""
"207","4","record","4096","100","V5c","3","4000054","207","2026-08-14T18:59:35.1321560-04:00","5949.393","ok",""
"208","4","record","4096","10000","V4","0","4000054","208","2026-08-14T18:59:41.1923751-04:00","7381.107","ok",""
"209","4","record","4096","10000","V6c","1","4000054","209","2026-08-14T18:59:48.7527711-04:00","6492.974","ok",""
"210","4","record","4096","10000","V6e","2","4000054","210","2026-08-14T18:59:55.3472342-04:00","6556.348","ok",""
"211","4","record","4096","10000","V5c","3","4000054","211","2026-08-14T19:00:02.0621566-04:00","6342.118","ok",""
"212","4","record","4096","1000000","V4","0","4000054","212","2026-08-14T19:00:08.5093690-04:00","5460.152","ok",""
"213","4","record","4096","1000000","V6c","1","4000054","213","2026-08-14T19:00:14.0641440-04:00","6163.924","ok",""
"214","4","record","4096","1000000","V6e","2","4000054","214","2026-08-14T19:00:20.3347574-04:00","5763.89","ok",""
"215","4","record","4096","1000000","V5c","3","4000054","215","2026-08-14T19:00:26.2163547-04:00","6094.75","ok",""
"216","4","record","6000","100","V4","0","4000054","216","2026-08-14T19:00:32.4131774-04:00","9509.557","ok",""
"217","4","record","6000","100","V6c","1","4000054","217","2026-08-14T19:00:42.0289102-04:00","9408.34","ok",""
"218","4","record","6000","100","V6e","2","4000054","218","2026-08-14T19:00:51.5477494-04:00","9236.626","ok",""
"219","4","record","6000","100","V5c","3","4000054","219","2026-08-14T19:01:00.8911920-04:00","9397.957","ok",""
"220","4","record","6000","10000","V4","0","4000054","220","2026-08-14T19:01:10.4167613-04:00","8732.283","ok",""
"221","4","record","6000","10000","V6c","1","4000054","221","2026-08-14T19:01:19.2420637-04:00","8934.048","ok",""
"222","4","record","6000","10000","V6e","2","4000054","222","2026-08-14T19:01:28.2793680-04:00","9240.096","ok",""
"223","4","record","6000","10000","V5c","3","4000054","223","2026-08-14T19:01:37.6229901-04:00","9292.643","ok",""
"224","4","record","6000","1000000","V4","0","4000054","224","2026-08-14T19:01:47.0461686-04:00","8590.833","ok",""
"225","4","record","6000","1000000","V6c","1","4000054","225","2026-08-14T19:01:55.7326898-04:00","9147.398","ok",""
"226","4","record","6000","1000000","V6e","2","4000054","226","2026-08-14T19:02:05.0278652-04:00","9205.843","ok",""
"227","4","record","6000","1000000","V5c","3","4000054","227","2026-08-14T19:02:14.3251473-04:00","9278.269","ok",""
"228","4","record","8000","100","V4","0","4000054","228","2026-08-14T19:02:23.6954089-04:00","16226.923","ok",""
"229","4","record","8000","100","V6c","1","4000054","229","2026-08-14T19:02:40.0331541-04:00","17127.373","ok",""
"230","4","record","8000","100","V6e","2","4000054","230","2026-08-14T19:02:57.2589785-04:00","18588.611","ok",""
"231","4","record","8000","100","V5c","3","4000054","231","2026-08-14T19:03:15.9638414-04:00","18006.106","ok",""
"232","4","record","8000","10000","V4","0","4000054","232","2026-08-14T19:03:34.0778162-04:00","15882.531","ok",""
"233","4","record","8000","10000","V6c","1","4000054","233","2026-08-14T19:03:50.0933446-04:00","16446.504","ok",""
"234","4","record","8000","10000","V6e","2","4000054","234","2026-08-14T19:04:06.6561639-04:00","17246.967","ok",""
"235","4","record","8000","10000","V5c","3","4000054","235","2026-08-14T19:04:24.0212319-04:00","17711.812","ok",""
"236","4","record","8000","1000000","V4","0","4000054","236","2026-08-14T19:04:41.8701313-04:00","16127.59","ok",""
"237","4","record","8000","1000000","V6c","1","4000054","237","2026-08-14T19:04:58.0997221-04:00","17614.207","ok",""
"238","4","record","8000","1000000","V6e","2","4000054","238","2026-08-14T19:05:15.8197970-04:00","17585.693","ok",""
"239","4","record","8000","1000000","V5c","3","4000054","239","2026-08-14T19:05:33.5000234-04:00","18073.499","ok",""
"240","5","record","2000","100","V6c","0","5000057","240","2026-08-14T19:05:51.7004461-04:00","1533.51","ok",""
"241","5","record","2000","100","V6e","1","5000057","241","2026-08-14T19:05:53.3255084-04:00","1494.901","ok",""
"242","5","record","2000","100","V5c","2","5000057","242","2026-08-14T19:05:54.9170573-04:00","1527.452","ok",""
"243","5","record","2000","100","V4","3","5000057","243","2026-08-14T19:05:56.5518219-04:00","1553.661","ok",""
"244","5","record","2000","10000","V6c","0","5000057","244","2026-08-14T19:05:58.2033203-04:00","1538.082","ok",""
"245","5","record","2000","10000","V6e","1","5000057","245","2026-08-14T19:05:59.8881427-04:00","1585.397","ok",""
"246","5","record","2000","10000","V5c","2","5000057","246","2026-08-14T19:06:01.5923994-04:00","1544.539","ok",""
"247","5","record","2000","10000","V4","3","5000057","247","2026-08-14T19:06:03.2412140-04:00","1342.296","ok",""
"248","5","record","2000","1000000","V6c","0","5000057","248","2026-08-14T19:06:04.6980674-04:00","1550.116","ok",""
"249","5","record","2000","1000000","V6e","1","5000057","249","2026-08-14T19:06:06.3604668-04:00","1521.901","ok",""
"250","5","record","2000","1000000","V5c","2","5000057","250","2026-08-14T19:06:07.9820174-04:00","1534.108","ok",""
"251","5","record","2000","1000000","V4","3","5000057","251","2026-08-14T19:06:09.6167867-04:00","1527.662","ok",""
"252","5","record","4096","100","V6c","0","5000057","252","2026-08-14T19:06:11.2524155-04:00","5734.068","ok",""
"253","5","record","4096","100","V6e","1","5000057","253","2026-08-14T19:06:17.1035472-04:00","5721.177","ok",""
"254","5","record","4096","100","V5c","2","5000057","254","2026-08-14T19:06:22.9301894-04:00","5704.768","ok",""
"255","5","record","4096","100","V4","3","5000057","255","2026-08-14T19:06:28.7526708-04:00","5816.016","ok",""
"256","5","record","4096","10000","V6c","0","5000057","256","2026-08-14T19:06:34.6692147-04:00","5943.006","ok",""
"257","5","record","4096","10000","V6e","1","5000057","257","2026-08-14T19:06:40.7245770-04:00","5700.591","ok",""
"258","5","record","4096","10000","V5c","2","5000057","258","2026-08-14T19:06:46.5546886-04:00","5960.687","ok",""
"259","5","record","4096","10000","V4","3","5000057","259","2026-08-14T19:06:52.6229464-04:00","5500.538","ok",""
"260","5","record","4096","1000000","V6c","0","5000057","260","2026-08-14T19:06:58.2459315-04:00","5768.298","ok",""
"261","5","record","4096","1000000","V6e","1","5000057","261","2026-08-14T19:07:04.1286667-04:00","5772.652","ok",""
"262","5","record","4096","1000000","V5c","2","5000057","262","2026-08-14T19:07:10.0206101-04:00","5758.626","ok",""
"263","5","record","4096","1000000","V4","3","5000057","263","2026-08-14T19:07:15.8897352-04:00","5730.918","ok",""
"264","5","record","6000","100","V6c","0","5000057","264","2026-08-14T19:07:21.7455292-04:00","9027.191","ok",""
"265","5","record","6000","100","V6e","1","5000057","265","2026-08-14T19:07:30.8534005-04:00","9358.747","ok",""
"266","5","record","6000","100","V5c","2","5000057","266","2026-08-14T19:07:40.3116743-04:00","9277.69","ok",""
"267","5","record","6000","100","V4","3","5000057","267","2026-08-14T19:07:49.7086348-04:00","8604.989","ok",""
"268","5","record","6000","10000","V6c","0","5000057","268","2026-08-14T19:07:58.4112119-04:00","9025.311","ok",""
"269","5","record","6000","10000","V6e","1","5000057","269","2026-08-14T19:08:07.5352628-04:00","9083.273","ok",""
"270","5","record","6000","10000","V5c","2","5000057","270","2026-08-14T19:08:16.7158342-04:00","9284.835","ok",""
"271","5","record","6000","10000","V4","3","5000057","271","2026-08-14T19:08:26.1018358-04:00","8545.403","ok",""
"272","5","record","6000","1000000","V6c","0","5000057","272","2026-08-14T19:08:34.7537939-04:00","9249.428","ok",""
"273","5","record","6000","1000000","V6e","1","5000057","273","2026-08-14T19:08:44.1047486-04:00","9374.97","ok",""
"274","5","record","6000","1000000","V5c","2","5000057","274","2026-08-14T19:08:53.5763876-04:00","9469.167","ok",""
"275","5","record","6000","1000000","V4","3","5000057","275","2026-08-14T19:09:03.1364061-04:00","8444.447","ok",""
"276","5","record","8000","100","V6c","0","5000057","276","2026-08-14T19:09:11.6757818-04:00","15633.916","ok",""
"277","5","record","8000","100","V6e","1","5000057","277","2026-08-14T19:09:27.4064042-04:00","16235.639","ok",""
"278","5","record","8000","100","V5c","2","5000057","278","2026-08-14T19:09:43.7571259-04:00","19579.687","ok",""
"279","5","record","8000","100","V4","3","5000057","279","2026-08-14T19:10:03.4385835-04:00","15129.435","ok",""
"280","5","record","8000","10000","V6c","0","5000057","280","2026-08-14T19:10:18.6675120-04:00","15754.666","ok",""
"281","5","record","8000","10000","V6e","1","5000057","281","2026-08-14T19:10:34.5021324-04:00","16673.386","ok",""
"282","5","record","8000","10000","V5c","2","5000057","282","2026-08-14T19:10:51.2986364-04:00","16366.945","ok",""
"283","5","record","8000","10000","V4","3","5000057","283","2026-08-14T19:11:07.8017689-04:00","14941.657","ok",""
"284","5","record","8000","1000000","V6c","0","5000057","284","2026-08-14T19:11:22.8623920-04:00","16271.055","ok",""
"285","5","record","8000","1000000","V6e","1","5000057","285","2026-08-14T19:11:39.2290000-04:00","16229.27","ok",""
"286","5","record","8000","1000000","V5c","2","5000057","286","2026-08-14T19:11:55.5732752-04:00","16666.961","ok",""
"287","5","record","8000","1000000","V4","3","5000057","287","2026-08-14T19:12:12.3346530-04:00","15067.149","ok",""
"288","6","record","2000","100","V6e","0","6000060","288","2026-08-14T19:12:27.4837277-04:00","1471.144","ok",""
"289","6","record","2000","100","V5c","1","6000060","289","2026-08-14T19:12:29.0851456-04:00","1471.655","ok",""
"290","6","record","2000","100","V4","2","6000060","290","2026-08-14T19:12:30.6531904-04:00","1273.875","ok",""
"291","6","record","2000","100","V6c","3","6000060","291","2026-08-14T19:12:32.0762584-04:00","1521.404","ok",""
"292","6","record","2000","10000","V6e","0","6000060","292","2026-08-14T19:12:33.7092845-04:00","1497.59","ok",""
"293","6","record","2000","10000","V5c","1","6000060","293","2026-08-14T19:12:35.2999618-04:00","1445.735","ok",""
"294","6","record","2000","10000","V4","2","6000060","294","2026-08-14T19:12:36.8431665-04:00","1297.639","ok",""
"295","6","record","2000","10000","V6c","3","6000060","295","2026-08-14T19:12:38.2467841-04:00","1473.387","ok",""
"296","6","record","2000","1000000","V6e","0","6000060","296","2026-08-14T19:12:39.8471943-04:00","1317.453","ok",""
"297","6","record","2000","1000000","V5c","1","6000060","297","2026-08-14T19:12:41.2617085-04:00","1505.264","ok",""
"298","6","record","2000","1000000","V4","2","6000060","298","2026-08-14T19:12:42.8559209-04:00","1288.83","ok",""
"299","6","record","2000","1000000","V6c","3","6000060","299","2026-08-14T19:12:44.2573587-04:00","1491.336","ok",""
"300","6","record","4096","100","V6e","0","6000060","300","2026-08-14T19:12:45.8501722-04:00","5404.174","ok",""
"301","6","record","4096","100","V5c","1","6000060","301","2026-08-14T19:12:51.3396305-04:00","5591.274","ok",""
"302","6","record","4096","100","V4","2","6000060","302","2026-08-14T19:12:57.0600052-04:00","5375.528","ok",""
"303","6","record","4096","100","V6c","3","6000060","303","2026-08-14T19:13:02.5300706-04:00","5459.665","ok",""
"304","6","record","4096","10000","V6e","0","6000060","304","2026-08-14T19:13:08.0919326-04:00","5357.044","ok",""
"305","6","record","4096","10000","V5c","1","6000060","305","2026-08-14T19:13:13.5697267-04:00","5663.208","ok",""
"306","6","record","4096","10000","V4","2","6000060","306","2026-08-14T19:13:19.3464766-04:00","5289.492","ok",""
"307","6","record","4096","10000","V6c","3","6000060","307","2026-08-14T19:13:24.7289492-04:00","5369.006","ok",""
"308","6","record","4096","1000000","V6e","0","6000060","308","2026-08-14T19:13:30.2062782-04:00","5397.175","ok",""
"309","6","record","4096","1000000","V5c","1","6000060","309","2026-08-14T19:13:35.6944376-04:00","5434.533","ok",""
"310","6","record","4096","1000000","V4","2","6000060","310","2026-08-14T19:13:41.2344573-04:00","5261.691","ok",""
"311","6","record","4096","1000000","V6c","3","6000060","311","2026-08-14T19:13:46.6108493-04:00","5387.276","ok",""
"312","6","record","6000","100","V6e","0","6000060","312","2026-08-14T19:13:52.0915190-04:00","9285.167","ok",""
"313","6","record","6000","100","V5c","1","6000060","313","2026-08-14T19:14:01.4838020-04:00","8900.151","ok",""
"314","6","record","6000","100","V4","2","6000060","314","2026-08-14T19:14:10.5088536-04:00","8728.602","ok",""
"315","6","record","6000","100","V6c","3","6000060","315","2026-08-14T19:14:19.3328229-04:00","8638.337","ok",""
"316","6","record","6000","10000","V6e","0","6000060","316","2026-08-14T19:14:28.1175234-04:00","8994.595","ok",""
"317","6","record","6000","10000","V5c","1","6000060","317","2026-08-14T19:14:37.2174722-04:00","9132.446","ok",""
"318","6","record","6000","10000","V4","2","6000060","318","2026-08-14T19:14:46.4595563-04:00","8608.876","ok",""
"319","6","record","6000","10000","V6c","3","6000060","319","2026-08-14T19:14:55.1652599-04:00","8673.546","ok",""
"320","6","record","6000","1000000","V6e","0","6000060","320","2026-08-14T19:15:03.9469354-04:00","8620.251","ok",""
"321","6","record","6000","1000000","V5c","1","6000060","321","2026-08-14T19:15:12.6815488-04:00","8938.313","ok",""
"322","6","record","6000","1000000","V4","2","6000060","322","2026-08-14T19:15:21.7287333-04:00","8155.299","ok",""
"323","6","record","6000","1000000","V6c","3","6000060","323","2026-08-14T19:15:30.0299422-04:00","8640.27","ok",""
"324","6","record","8000","100","V6e","0","6000060","324","2026-08-14T19:15:38.7709073-04:00","16524.578","ok",""
"325","6","record","8000","100","V5c","1","6000060","325","2026-08-14T19:15:55.4196237-04:00","18951.66","ok",""
"326","6","record","8000","100","V4","2","6000060","326","2026-08-14T19:16:14.4694701-04:00","15618.215","ok",""
"327","6","record","8000","100","V6c","3","6000060","327","2026-08-14T19:16:30.1833856-04:00","15754.31","ok",""
"328","6","record","8000","10000","V6e","0","6000060","328","2026-08-14T19:16:46.0648247-04:00","16597.215","ok",""
"329","6","record","8000","10000","V5c","1","6000060","329","2026-08-14T19:17:02.7742647-04:00","16827.081","ok",""
"330","6","record","8000","10000","V4","2","6000060","330","2026-08-14T19:17:19.7009069-04:00","14833.054","ok",""
"331","6","record","8000","10000","V6c","3","6000060","331","2026-08-14T19:17:34.6420457-04:00","15868.157","ok",""
"332","6","record","8000","1000000","V6e","0","6000060","332","2026-08-14T19:17:50.6204695-04:00","15885.094","ok",""
"333","6","record","8000","1000000","V5c","1","6000060","333","2026-08-14T19:18:06.6209118-04:00","16622.849","ok",""
"334","6","record","8000","1000000","V4","2","6000060","334","2026-08-14T19:18:23.3509168-04:00","15170.673","ok",""
"335","6","record","8000","1000000","V6c","3","6000060","335","2026-08-14T19:18:38.6471982-04:00","15760.699","ok",""
